{"cameraMode":{"drawMode":0,"name":"Shaded","section":"Shading Mode"},"sceneLighting":true,"audioPlay":false,"sceneViewState":{"showFog":true,"showMaterialUpdate":false,"showSkybox":true,"showFlares":true,"showImageEffects":true,"showParticleSystems":true},"in2DMode":false,"pivot":{"x":1.0915093421936036,"y":0.29041099548339846,"z":0.9544072151184082},"rotation":{"x":0.15687249600887299,"y":-0.769749104976654,"z":0.20708616077899934,"w":0.5830936431884766},"size":9.43608570098877,"orthographic":false}